"external_id","url"
"CTMS-ENG-01-T01","https://github.com/SEM9-CAPSTONE/CTMS/issues/154"
"CTMS-01-T01","https://github.com/SEM9-CAPSTONE/CTMS/issues/155"
"CTMS-01-T02","https://github.com/SEM9-CAPSTONE/CTMS/issues/156"
"CTMS-01-T03","https://github.com/SEM9-CAPSTONE/CTMS/issues/157"
"CTMS-02-T01","https://github.com/SEM9-CAPSTONE/CTMS/issues/158"
"CTMS-02-T02","https://github.com/SEM9-CAPSTONE/CTMS/issues/159"
"CTMS-02-T03","https://github.com/SEM9-CAPSTONE/CTMS/issues/160"
"CTMS-03-T01","https://github.com/SEM9-CAPSTONE/CTMS/issues/161"
"CTMS-03-T02","https://github.com/SEM9-CAPSTONE/CTMS/issues/162"
"CTMS-03-T03","https://github.com/SEM9-CAPSTONE/CTMS/issues/163"
"CTMS-04-T01","https://github.com/SEM9-CAPSTONE/CTMS/issues/164"
"CTMS-04-T02","https://github.com/SEM9-CAPSTONE/CTMS/issues/165"
"CTMS-04-T03","https://github.com/SEM9-CAPSTONE/CTMS/issues/166"
"CTMS-05-T01","https://github.com/SEM9-CAPSTONE/CTMS/issues/167"
"CTMS-05-T02","https://github.com/SEM9-CAPSTONE/CTMS/issues/168"
"CTMS-05-T03","https://github.com/SEM9-CAPSTONE/CTMS/issues/169"
"CTMS-06-T01","https://github.com/SEM9-CAPSTONE/CTMS/issues/170"
"CTMS-06-T02","https://github.com/SEM9-CAPSTONE/CTMS/issues/171"
"CTMS-06-T03","https://github.com/SEM9-CAPSTONE/CTMS/issues/172"
"CTMS-06-T04","https://github.com/SEM9-CAPSTONE/CTMS/issues/173"
"CTMS-07-T01","https://github.com/SEM9-CAPSTONE/CTMS/issues/174"
"CTMS-07-T02","https://github.com/SEM9-CAPSTONE/CTMS/issues/175"
"CTMS-07-T03","https://github.com/SEM9-CAPSTONE/CTMS/issues/176"
"CTMS-08-T01","https://github.com/SEM9-CAPSTONE/CTMS/issues/177"
"CTMS-08-T02","https://github.com/SEM9-CAPSTONE/CTMS/issues/178"
"CTMS-09-T01","https://github.com/SEM9-CAPSTONE/CTMS/issues/179"
"CTMS-09-T02","https://github.com/SEM9-CAPSTONE/CTMS/issues/180"
"CTMS-09-T03","https://github.com/SEM9-CAPSTONE/CTMS/issues/181"
"CTMS-10-T01","https://github.com/SEM9-CAPSTONE/CTMS/issues/182"
"CTMS-10-T02","https://github.com/SEM9-CAPSTONE/CTMS/issues/183"
"CTMS-10-T03","https://github.com/SEM9-CAPSTONE/CTMS/issues/184"
"CTMS-10-T04","https://github.com/SEM9-CAPSTONE/CTMS/issues/185"
"CTMS-11-T01","https://github.com/SEM9-CAPSTONE/CTMS/issues/186"
"CTMS-11-T02","https://github.com/SEM9-CAPSTONE/CTMS/issues/187"
"CTMS-11-T03","https://github.com/SEM9-CAPSTONE/CTMS/issues/188"
"CTMS-11-T04","https://github.com/SEM9-CAPSTONE/CTMS/issues/189"
"CTMS-12-T01","https://github.com/SEM9-CAPSTONE/CTMS/issues/190"
"CTMS-12-T02","https://github.com/SEM9-CAPSTONE/CTMS/issues/191"
"CTMS-12-T03","https://github.com/SEM9-CAPSTONE/CTMS/issues/192"
"CTMS-12-T04","https://github.com/SEM9-CAPSTONE/CTMS/issues/193"
"CTMS-13-T01","https://github.com/SEM9-CAPSTONE/CTMS/issues/194"
"CTMS-13-T02","https://github.com/SEM9-CAPSTONE/CTMS/issues/195"
"CTMS-13-T03","https://github.com/SEM9-CAPSTONE/CTMS/issues/196"
"CTMS-13-T04","https://github.com/SEM9-CAPSTONE/CTMS/issues/197"
"CTMS-14-T01","https://github.com/SEM9-CAPSTONE/CTMS/issues/198"
"CTMS-14-T02","https://github.com/SEM9-CAPSTONE/CTMS/issues/199"
"CTMS-14-T03","https://github.com/SEM9-CAPSTONE/CTMS/issues/200"
"CTMS-14-T04","https://github.com/SEM9-CAPSTONE/CTMS/issues/201"
"CTMS-15-T01","https://github.com/SEM9-CAPSTONE/CTMS/issues/202"
"CTMS-15-T02","https://github.com/SEM9-CAPSTONE/CTMS/issues/203"
"CTMS-15-T03","https://github.com/SEM9-CAPSTONE/CTMS/issues/204"
"CTMS-16-T01","https://github.com/SEM9-CAPSTONE/CTMS/issues/205"
"CTMS-16-T02","https://github.com/SEM9-CAPSTONE/CTMS/issues/206"
"CTMS-16-T03","https://github.com/SEM9-CAPSTONE/CTMS/issues/207"
"CTMS-16-T04","https://github.com/SEM9-CAPSTONE/CTMS/issues/208"
"CTMS-17-T01","https://github.com/SEM9-CAPSTONE/CTMS/issues/209"
"CTMS-17-T02","https://github.com/SEM9-CAPSTONE/CTMS/issues/210"
"CTMS-17-T03","https://github.com/SEM9-CAPSTONE/CTMS/issues/211"
"CTMS-17-T04","https://github.com/SEM9-CAPSTONE/CTMS/issues/212"
"CTMS-18-T01","https://github.com/SEM9-CAPSTONE/CTMS/issues/213"
"CTMS-18-T02","https://github.com/SEM9-CAPSTONE/CTMS/issues/214"
"CTMS-18-T03","https://github.com/SEM9-CAPSTONE/CTMS/issues/215"
"CTMS-18-T04","https://github.com/SEM9-CAPSTONE/CTMS/issues/216"
"CTMS-19-T01","https://github.com/SEM9-CAPSTONE/CTMS/issues/217"
"CTMS-19-T02","https://github.com/SEM9-CAPSTONE/CTMS/issues/218"
"CTMS-19-T03","https://github.com/SEM9-CAPSTONE/CTMS/issues/219"
"CTMS-19-T04","https://github.com/SEM9-CAPSTONE/CTMS/issues/220"
"CTMS-20-T01","https://github.com/SEM9-CAPSTONE/CTMS/issues/221"
"CTMS-20-T02","https://github.com/SEM9-CAPSTONE/CTMS/issues/222"
"CTMS-20-T03","https://github.com/SEM9-CAPSTONE/CTMS/issues/223"
"CTMS-20-T04","https://github.com/SEM9-CAPSTONE/CTMS/issues/224"
"CTMS-21-T01","https://github.com/SEM9-CAPSTONE/CTMS/issues/225"
"CTMS-21-T02","https://github.com/SEM9-CAPSTONE/CTMS/issues/226"
"CTMS-21-T03","https://github.com/SEM9-CAPSTONE/CTMS/issues/227"
"CTMS-21-T04","https://github.com/SEM9-CAPSTONE/CTMS/issues/228"
"CTMS-22-T01","https://github.com/SEM9-CAPSTONE/CTMS/issues/229"
"CTMS-22-T02","https://github.com/SEM9-CAPSTONE/CTMS/issues/230"
"CTMS-22-T03","https://github.com/SEM9-CAPSTONE/CTMS/issues/231"
"CTMS-22-T04","https://github.com/SEM9-CAPSTONE/CTMS/issues/232"
"CTMS-23-T01","https://github.com/SEM9-CAPSTONE/CTMS/issues/233"
"CTMS-23-T02","https://github.com/SEM9-CAPSTONE/CTMS/issues/234"
"CTMS-23-T03","https://github.com/SEM9-CAPSTONE/CTMS/issues/235"
"CTMS-24-T01","https://github.com/SEM9-CAPSTONE/CTMS/issues/236"
"CTMS-24-T02","https://github.com/SEM9-CAPSTONE/CTMS/issues/237"
"CTMS-24-T03","https://github.com/SEM9-CAPSTONE/CTMS/issues/238"
"CTMS-24-T04","https://github.com/SEM9-CAPSTONE/CTMS/issues/239"
"CTMS-25-T01","https://github.com/SEM9-CAPSTONE/CTMS/issues/240"
"CTMS-25-T02","https://github.com/SEM9-CAPSTONE/CTMS/issues/241"
"CTMS-25-T03","https://github.com/SEM9-CAPSTONE/CTMS/issues/242"
"CTMS-26-T01","https://github.com/SEM9-CAPSTONE/CTMS/issues/243"
"CTMS-26-T02","https://github.com/SEM9-CAPSTONE/CTMS/issues/244"
"CTMS-26-T03","https://github.com/SEM9-CAPSTONE/CTMS/issues/245"
"CTMS-27-T01","https://github.com/SEM9-CAPSTONE/CTMS/issues/246"
"CTMS-27-T02","https://github.com/SEM9-CAPSTONE/CTMS/issues/247"
"CTMS-27-T03","https://github.com/SEM9-CAPSTONE/CTMS/issues/248"
"CTMS-28-T01","https://github.com/SEM9-CAPSTONE/CTMS/issues/249"
"CTMS-28-T02","https://github.com/SEM9-CAPSTONE/CTMS/issues/250"
"CTMS-28-T03","https://github.com/SEM9-CAPSTONE/CTMS/issues/251"
"CTMS-29-T01","https://github.com/SEM9-CAPSTONE/CTMS/issues/252"
"CTMS-29-T02","https://github.com/SEM9-CAPSTONE/CTMS/issues/253"
"CTMS-29-T03","https://github.com/SEM9-CAPSTONE/CTMS/issues/254"
"CTMS-30-T01","https://github.com/SEM9-CAPSTONE/CTMS/issues/255"
"CTMS-30-T02","https://github.com/SEM9-CAPSTONE/CTMS/issues/256"
"CTMS-30-T03","https://github.com/SEM9-CAPSTONE/CTMS/issues/257"
"CTMS-30-T04","https://github.com/SEM9-CAPSTONE/CTMS/issues/258"
"CTMS-31-T01","https://github.com/SEM9-CAPSTONE/CTMS/issues/259"
"CTMS-31-T02","https://github.com/SEM9-CAPSTONE/CTMS/issues/260"
"CTMS-31-T03","https://github.com/SEM9-CAPSTONE/CTMS/issues/261"
"CTMS-31-T04","https://github.com/SEM9-CAPSTONE/CTMS/issues/262"
"CTMS-32-T01","https://github.com/SEM9-CAPSTONE/CTMS/issues/263"
"CTMS-32-T02","https://github.com/SEM9-CAPSTONE/CTMS/issues/264"
"CTMS-32-T03","https://github.com/SEM9-CAPSTONE/CTMS/issues/265"
"CTMS-32-T04","https://github.com/SEM9-CAPSTONE/CTMS/issues/266"
"CTMS-33-T01","https://github.com/SEM9-CAPSTONE/CTMS/issues/267"
"CTMS-33-T02","https://github.com/SEM9-CAPSTONE/CTMS/issues/268"
"CTMS-33-T03","https://github.com/SEM9-CAPSTONE/CTMS/issues/269"
"CTMS-33-T04","https://github.com/SEM9-CAPSTONE/CTMS/issues/270"
"CTMS-34-T01","https://github.com/SEM9-CAPSTONE/CTMS/issues/271"
"CTMS-34-T02","https://github.com/SEM9-CAPSTONE/CTMS/issues/272"
"CTMS-34-T03","https://github.com/SEM9-CAPSTONE/CTMS/issues/273"
"CTMS-34-T04","https://github.com/SEM9-CAPSTONE/CTMS/issues/274"
"CTMS-35-T01","https://github.com/SEM9-CAPSTONE/CTMS/issues/275"
"CTMS-35-T02","https://github.com/SEM9-CAPSTONE/CTMS/issues/276"
"CTMS-35-T03","https://github.com/SEM9-CAPSTONE/CTMS/issues/277"
"CTMS-36-T01","https://github.com/SEM9-CAPSTONE/CTMS/issues/278"
"CTMS-36-T02","https://github.com/SEM9-CAPSTONE/CTMS/issues/279"
"CTMS-36-T03","https://github.com/SEM9-CAPSTONE/CTMS/issues/280"
"CTMS-36-T04","https://github.com/SEM9-CAPSTONE/CTMS/issues/281"
"CTMS-37-T01","https://github.com/SEM9-CAPSTONE/CTMS/issues/282"
"CTMS-37-T02","https://github.com/SEM9-CAPSTONE/CTMS/issues/283"
"CTMS-37-T03","https://github.com/SEM9-CAPSTONE/CTMS/issues/284"
"CTMS-37-T04","https://github.com/SEM9-CAPSTONE/CTMS/issues/285"
"CTMS-38-T01","https://github.com/SEM9-CAPSTONE/CTMS/issues/286"
"CTMS-38-T02","https://github.com/SEM9-CAPSTONE/CTMS/issues/287"
"CTMS-38-T03","https://github.com/SEM9-CAPSTONE/CTMS/issues/288"
"CTMS-38-T04","https://github.com/SEM9-CAPSTONE/CTMS/issues/289"
"CTMS-39-T01","https://github.com/SEM9-CAPSTONE/CTMS/issues/290"
"CTMS-39-T02","https://github.com/SEM9-CAPSTONE/CTMS/issues/291"
"CTMS-39-T03","https://github.com/SEM9-CAPSTONE/CTMS/issues/292"
"CTMS-40-T01","https://github.com/SEM9-CAPSTONE/CTMS/issues/293"
"CTMS-40-T02","https://github.com/SEM9-CAPSTONE/CTMS/issues/294"
"CTMS-40-T03","https://github.com/SEM9-CAPSTONE/CTMS/issues/295"
"CTMS-40-T04","https://github.com/SEM9-CAPSTONE/CTMS/issues/296"
"CTMS-41-T01","https://github.com/SEM9-CAPSTONE/CTMS/issues/297"
"CTMS-41-T02","https://github.com/SEM9-CAPSTONE/CTMS/issues/298"
"CTMS-41-T03","https://github.com/SEM9-CAPSTONE/CTMS/issues/299"
"CTMS-41-T04","https://github.com/SEM9-CAPSTONE/CTMS/issues/300"
"CTMS-42-T01","https://github.com/SEM9-CAPSTONE/CTMS/issues/301"
"CTMS-42-T02","https://github.com/SEM9-CAPSTONE/CTMS/issues/302"
"CTMS-42-T03","https://github.com/SEM9-CAPSTONE/CTMS/issues/303"
"CTMS-42-T04","https://github.com/SEM9-CAPSTONE/CTMS/issues/304"
"CTMS-43-T01","https://github.com/SEM9-CAPSTONE/CTMS/issues/305"
"CTMS-43-T02","https://github.com/SEM9-CAPSTONE/CTMS/issues/306"
"CTMS-43-T03","https://github.com/SEM9-CAPSTONE/CTMS/issues/307"
"CTMS-43-T04","https://github.com/SEM9-CAPSTONE/CTMS/issues/308"
"CTMS-44-T01","https://github.com/SEM9-CAPSTONE/CTMS/issues/309"
"CTMS-44-T02","https://github.com/SEM9-CAPSTONE/CTMS/issues/310"
"CTMS-44-T03","https://github.com/SEM9-CAPSTONE/CTMS/issues/311"
"CTMS-45-T01","https://github.com/SEM9-CAPSTONE/CTMS/issues/312"
"CTMS-45-T02","https://github.com/SEM9-CAPSTONE/CTMS/issues/313"
"CTMS-45-T03","https://github.com/SEM9-CAPSTONE/CTMS/issues/314"
"CTMS-45-T04","https://github.com/SEM9-CAPSTONE/CTMS/issues/315"
"CTMS-46-T01","https://github.com/SEM9-CAPSTONE/CTMS/issues/316"
"CTMS-46-T02","https://github.com/SEM9-CAPSTONE/CTMS/issues/317"
"CTMS-46-T03","https://github.com/SEM9-CAPSTONE/CTMS/issues/318"
"CTMS-47-T01","https://github.com/SEM9-CAPSTONE/CTMS/issues/319"
"CTMS-47-T02","https://github.com/SEM9-CAPSTONE/CTMS/issues/320"
"CTMS-47-T03","https://github.com/SEM9-CAPSTONE/CTMS/issues/321"
"CTMS-48-T01","https://github.com/SEM9-CAPSTONE/CTMS/issues/322"
"CTMS-48-T02","https://github.com/SEM9-CAPSTONE/CTMS/issues/323"
"CTMS-48-T03","https://github.com/SEM9-CAPSTONE/CTMS/issues/324"
"CTMS-49-T01","https://github.com/SEM9-CAPSTONE/CTMS/issues/325"
"CTMS-49-T02","https://github.com/SEM9-CAPSTONE/CTMS/issues/326"
"CTMS-49-T03","https://github.com/SEM9-CAPSTONE/CTMS/issues/327"
"CTMS-49-T04","https://github.com/SEM9-CAPSTONE/CTMS/issues/328"
"CTMS-50-T01","https://github.com/SEM9-CAPSTONE/CTMS/issues/329"
"CTMS-50-T02","https://github.com/SEM9-CAPSTONE/CTMS/issues/330"
"CTMS-50-T03","https://github.com/SEM9-CAPSTONE/CTMS/issues/331"
"CTMS-51-T01","https://github.com/SEM9-CAPSTONE/CTMS/issues/332"
"CTMS-51-T02","https://github.com/SEM9-CAPSTONE/CTMS/issues/333"
"CTMS-51-T03","https://github.com/SEM9-CAPSTONE/CTMS/issues/334"
"CTMS-52-T01","https://github.com/SEM9-CAPSTONE/CTMS/issues/335"
"CTMS-52-T02","https://github.com/SEM9-CAPSTONE/CTMS/issues/336"
"CTMS-52-T03","https://github.com/SEM9-CAPSTONE/CTMS/issues/337"
"CTMS-52-T04","https://github.com/SEM9-CAPSTONE/CTMS/issues/338"
"CTMS-53-T01","https://github.com/SEM9-CAPSTONE/CTMS/issues/339"
"CTMS-53-T02","https://github.com/SEM9-CAPSTONE/CTMS/issues/340"
"CTMS-53-T03","https://github.com/SEM9-CAPSTONE/CTMS/issues/341"
"CTMS-54-T01","https://github.com/SEM9-CAPSTONE/CTMS/issues/342"
"CTMS-54-T02","https://github.com/SEM9-CAPSTONE/CTMS/issues/343"
"CTMS-54-T03","https://github.com/SEM9-CAPSTONE/CTMS/issues/344"
"CTMS-54-T04","https://github.com/SEM9-CAPSTONE/CTMS/issues/345"
"CTMS-55-T01","https://github.com/SEM9-CAPSTONE/CTMS/issues/346"
"CTMS-55-T02","https://github.com/SEM9-CAPSTONE/CTMS/issues/347"
"CTMS-55-T03","https://github.com/SEM9-CAPSTONE/CTMS/issues/348"
"CTMS-55-T04","https://github.com/SEM9-CAPSTONE/CTMS/issues/349"
"CTMS-56-T01","https://github.com/SEM9-CAPSTONE/CTMS/issues/350"
"CTMS-56-T02","https://github.com/SEM9-CAPSTONE/CTMS/issues/351"
"CTMS-56-T03","https://github.com/SEM9-CAPSTONE/CTMS/issues/352"
"CTMS-57-T01","https://github.com/SEM9-CAPSTONE/CTMS/issues/353"
"CTMS-57-T02","https://github.com/SEM9-CAPSTONE/CTMS/issues/354"
"CTMS-57-T03","https://github.com/SEM9-CAPSTONE/CTMS/issues/355"
"CTMS-57-T04","https://github.com/SEM9-CAPSTONE/CTMS/issues/356"
"CTMS-58-T01","https://github.com/SEM9-CAPSTONE/CTMS/issues/357"
"CTMS-58-T02","https://github.com/SEM9-CAPSTONE/CTMS/issues/358"
"CTMS-58-T03","https://github.com/SEM9-CAPSTONE/CTMS/issues/359"
"CTMS-58-T04","https://github.com/SEM9-CAPSTONE/CTMS/issues/360"
"CTMS-59-T01","https://github.com/SEM9-CAPSTONE/CTMS/issues/361"
"CTMS-59-T02","https://github.com/SEM9-CAPSTONE/CTMS/issues/362"
"CTMS-59-T03","https://github.com/SEM9-CAPSTONE/CTMS/issues/363"
"CTMS-59-T04","https://github.com/SEM9-CAPSTONE/CTMS/issues/364"
"CTMS-60-T01","https://github.com/SEM9-CAPSTONE/CTMS/issues/365"
"CTMS-60-T02","https://github.com/SEM9-CAPSTONE/CTMS/issues/366"
"CTMS-60-T03","https://github.com/SEM9-CAPSTONE/CTMS/issues/367"
"CTMS-60-T04","https://github.com/SEM9-CAPSTONE/CTMS/issues/368"
"CTMS-61-T01","https://github.com/SEM9-CAPSTONE/CTMS/issues/369"
"CTMS-61-T02","https://github.com/SEM9-CAPSTONE/CTMS/issues/370"
"CTMS-61-T03","https://github.com/SEM9-CAPSTONE/CTMS/issues/371"
"CTMS-61-T04","https://github.com/SEM9-CAPSTONE/CTMS/issues/372"
"CTMS-62-T01","https://github.com/SEM9-CAPSTONE/CTMS/issues/373"
"CTMS-62-T02","https://github.com/SEM9-CAPSTONE/CTMS/issues/374"
"CTMS-62-T03","https://github.com/SEM9-CAPSTONE/CTMS/issues/375"
"CTMS-62-T04","https://github.com/SEM9-CAPSTONE/CTMS/issues/376"
"CTMS-63-T01","https://github.com/SEM9-CAPSTONE/CTMS/issues/377"
"CTMS-63-T02","https://github.com/SEM9-CAPSTONE/CTMS/issues/378"
"CTMS-63-T03","https://github.com/SEM9-CAPSTONE/CTMS/issues/379"
"CTMS-63-T04","https://github.com/SEM9-CAPSTONE/CTMS/issues/380"
"CTMS-64-T01","https://github.com/SEM9-CAPSTONE/CTMS/issues/381"
"CTMS-64-T02","https://github.com/SEM9-CAPSTONE/CTMS/issues/382"
"CTMS-64-T03","https://github.com/SEM9-CAPSTONE/CTMS/issues/383"
"CTMS-65-T01","https://github.com/SEM9-CAPSTONE/CTMS/issues/384"
"CTMS-65-T02","https://github.com/SEM9-CAPSTONE/CTMS/issues/385"
"CTMS-65-T03","https://github.com/SEM9-CAPSTONE/CTMS/issues/386"
"CTMS-65-T04","https://github.com/SEM9-CAPSTONE/CTMS/issues/387"
"CTMS-66-T01","https://github.com/SEM9-CAPSTONE/CTMS/issues/388"
"CTMS-66-T02","https://github.com/SEM9-CAPSTONE/CTMS/issues/389"
"CTMS-66-T03","https://github.com/SEM9-CAPSTONE/CTMS/issues/390"
"CTMS-67-T01","https://github.com/SEM9-CAPSTONE/CTMS/issues/391"
"CTMS-67-T02","https://github.com/SEM9-CAPSTONE/CTMS/issues/392"
"CTMS-67-T03","https://github.com/SEM9-CAPSTONE/CTMS/issues/393"
"CTMS-67-T04","https://github.com/SEM9-CAPSTONE/CTMS/issues/394"
"CTMS-MVP-67A-T01","https://github.com/SEM9-CAPSTONE/CTMS/issues/395"
"CTMS-MVP-67A-T02","https://github.com/SEM9-CAPSTONE/CTMS/issues/396"
"CTMS-MVP-67A-T03","https://github.com/SEM9-CAPSTONE/CTMS/issues/397"
"CTMS-MVP-67A-T04","https://github.com/SEM9-CAPSTONE/CTMS/issues/398"
"CTMS-68-T01","https://github.com/SEM9-CAPSTONE/CTMS/issues/399"
"CTMS-68-T02","https://github.com/SEM9-CAPSTONE/CTMS/issues/400"
"CTMS-68-T03","https://github.com/SEM9-CAPSTONE/CTMS/issues/401"
"CTMS-68-T04","https://github.com/SEM9-CAPSTONE/CTMS/issues/402"
"CTMS-69-T01","https://github.com/SEM9-CAPSTONE/CTMS/issues/403"
"CTMS-69-T02","https://github.com/SEM9-CAPSTONE/CTMS/issues/404"
"CTMS-69-T03","https://github.com/SEM9-CAPSTONE/CTMS/issues/405"
"CTMS-70-T01","https://github.com/SEM9-CAPSTONE/CTMS/issues/406"
"CTMS-70-T02","https://github.com/SEM9-CAPSTONE/CTMS/issues/407"
"CTMS-70-T03","https://github.com/SEM9-CAPSTONE/CTMS/issues/408"
"CTMS-70-T04","https://github.com/SEM9-CAPSTONE/CTMS/issues/409"
"CTMS-71-T01","https://github.com/SEM9-CAPSTONE/CTMS/issues/410"
"CTMS-71-T02","https://github.com/SEM9-CAPSTONE/CTMS/issues/411"
"CTMS-71-T03","https://github.com/SEM9-CAPSTONE/CTMS/issues/412"
"CTMS-71-T04","https://github.com/SEM9-CAPSTONE/CTMS/issues/413"
"CTMS-72-T01","https://github.com/SEM9-CAPSTONE/CTMS/issues/414"
"CTMS-72-T02","https://github.com/SEM9-CAPSTONE/CTMS/issues/415"
"CTMS-73-T01","https://github.com/SEM9-CAPSTONE/CTMS/issues/416"
"CTMS-73-T02","https://github.com/SEM9-CAPSTONE/CTMS/issues/417"
"CTMS-73-T03","https://github.com/SEM9-CAPSTONE/CTMS/issues/418"
"CTMS-73-T04","https://github.com/SEM9-CAPSTONE/CTMS/issues/419"
"CTMS-74-T01","https://github.com/SEM9-CAPSTONE/CTMS/issues/420"
"CTMS-74-T02","https://github.com/SEM9-CAPSTONE/CTMS/issues/421"
"CTMS-74-T03","https://github.com/SEM9-CAPSTONE/CTMS/issues/422"
"CTMS-75-T01","https://github.com/SEM9-CAPSTONE/CTMS/issues/423"
"CTMS-75-T02","https://github.com/SEM9-CAPSTONE/CTMS/issues/424"
"CTMS-75-T03","https://github.com/SEM9-CAPSTONE/CTMS/issues/425"
"CTMS-75-T04","https://github.com/SEM9-CAPSTONE/CTMS/issues/426"
"CTMS-76-T01","https://github.com/SEM9-CAPSTONE/CTMS/issues/427"
"CTMS-76-T02","https://github.com/SEM9-CAPSTONE/CTMS/issues/428"
"CTMS-76-T03","https://github.com/SEM9-CAPSTONE/CTMS/issues/429"
"CTMS-77-T01","https://github.com/SEM9-CAPSTONE/CTMS/issues/430"
"CTMS-77-T02","https://github.com/SEM9-CAPSTONE/CTMS/issues/431"
"CTMS-77-T03","https://github.com/SEM9-CAPSTONE/CTMS/issues/432"
"CTMS-78-T01","https://github.com/SEM9-CAPSTONE/CTMS/issues/433"
"CTMS-78-T02","https://github.com/SEM9-CAPSTONE/CTMS/issues/434"
"CTMS-78-T03","https://github.com/SEM9-CAPSTONE/CTMS/issues/435"
"CTMS-79-T01","https://github.com/SEM9-CAPSTONE/CTMS/issues/436"
"CTMS-79-T02","https://github.com/SEM9-CAPSTONE/CTMS/issues/437"
"CTMS-79-T03","https://github.com/SEM9-CAPSTONE/CTMS/issues/438"
"CTMS-80-T01","https://github.com/SEM9-CAPSTONE/CTMS/issues/439"
"CTMS-80-T02","https://github.com/SEM9-CAPSTONE/CTMS/issues/440"
"CTMS-80-T03","https://github.com/SEM9-CAPSTONE/CTMS/issues/441"
"CTMS-81-T01","https://github.com/SEM9-CAPSTONE/CTMS/issues/442"
"CTMS-81-T02","https://github.com/SEM9-CAPSTONE/CTMS/issues/443"
"CTMS-81-T03","https://github.com/SEM9-CAPSTONE/CTMS/issues/444"
"CTMS-82-T01","https://github.com/SEM9-CAPSTONE/CTMS/issues/445"
"CTMS-82-T02","https://github.com/SEM9-CAPSTONE/CTMS/issues/446"
"CTMS-82-T03","https://github.com/SEM9-CAPSTONE/CTMS/issues/447"
"CTMS-83-T01","https://github.com/SEM9-CAPSTONE/CTMS/issues/448"
"CTMS-83-T02","https://github.com/SEM9-CAPSTONE/CTMS/issues/449"
"CTMS-83-T03","https://github.com/SEM9-CAPSTONE/CTMS/issues/450"
"CTMS-84-T01","https://github.com/SEM9-CAPSTONE/CTMS/issues/451"
"CTMS-84-T02","https://github.com/SEM9-CAPSTONE/CTMS/issues/452"
"CTMS-84-T03","https://github.com/SEM9-CAPSTONE/CTMS/issues/453"
"CTMS-84-T04","https://github.com/SEM9-CAPSTONE/CTMS/issues/454"
"CTMS-85-T01","https://github.com/SEM9-CAPSTONE/CTMS/issues/455"
"CTMS-85-T02","https://github.com/SEM9-CAPSTONE/CTMS/issues/456"
"CTMS-85-T03","https://github.com/SEM9-CAPSTONE/CTMS/issues/457"
"CTMS-86-T01","https://github.com/SEM9-CAPSTONE/CTMS/issues/458"
"CTMS-86-T02","https://github.com/SEM9-CAPSTONE/CTMS/issues/459"
"CTMS-86-T03","https://github.com/SEM9-CAPSTONE/CTMS/issues/460"
"CTMS-86-T04","https://github.com/SEM9-CAPSTONE/CTMS/issues/461"
"CTMS-87-T01","https://github.com/SEM9-CAPSTONE/CTMS/issues/462"
"CTMS-87-T02","https://github.com/SEM9-CAPSTONE/CTMS/issues/463"
"CTMS-87-T03","https://github.com/SEM9-CAPSTONE/CTMS/issues/464"
"CTMS-88-T01","https://github.com/SEM9-CAPSTONE/CTMS/issues/465"
"CTMS-88-T02","https://github.com/SEM9-CAPSTONE/CTMS/issues/466"
"CTMS-88-T03","https://github.com/SEM9-CAPSTONE/CTMS/issues/467"
"CTMS-88-T04","https://github.com/SEM9-CAPSTONE/CTMS/issues/468"
"CTMS-89-T01","https://github.com/SEM9-CAPSTONE/CTMS/issues/469"
"CTMS-89-T02","https://github.com/SEM9-CAPSTONE/CTMS/issues/470"
"CTMS-89-T03","https://github.com/SEM9-CAPSTONE/CTMS/issues/471"
"CTMS-89-T04","https://github.com/SEM9-CAPSTONE/CTMS/issues/472"
"CTMS-90-T01","https://github.com/SEM9-CAPSTONE/CTMS/issues/473"
"CTMS-90-T02","https://github.com/SEM9-CAPSTONE/CTMS/issues/474"
"CTMS-90-T03","https://github.com/SEM9-CAPSTONE/CTMS/issues/475"
"CTMS-91-T01","https://github.com/SEM9-CAPSTONE/CTMS/issues/476"
"CTMS-91-T02","https://github.com/SEM9-CAPSTONE/CTMS/issues/477"
"CTMS-91-T03","https://github.com/SEM9-CAPSTONE/CTMS/issues/478"
"CTMS-92-T01","https://github.com/SEM9-CAPSTONE/CTMS/issues/479"
"CTMS-92-T02","https://github.com/SEM9-CAPSTONE/CTMS/issues/480"
"CTMS-92-T03","https://github.com/SEM9-CAPSTONE/CTMS/issues/481"
"CTMS-93-T01","https://github.com/SEM9-CAPSTONE/CTMS/issues/482"
"CTMS-93-T02","https://github.com/SEM9-CAPSTONE/CTMS/issues/483"
"CTMS-93-T03","https://github.com/SEM9-CAPSTONE/CTMS/issues/484"
"CTMS-93-T04","https://github.com/SEM9-CAPSTONE/CTMS/issues/485"
"CTMS-94-T01","https://github.com/SEM9-CAPSTONE/CTMS/issues/486"
"CTMS-94-T02","https://github.com/SEM9-CAPSTONE/CTMS/issues/487"
"CTMS-94-T03","https://github.com/SEM9-CAPSTONE/CTMS/issues/488"
"CTMS-95-T01","https://github.com/SEM9-CAPSTONE/CTMS/issues/489"
"CTMS-95-T02","https://github.com/SEM9-CAPSTONE/CTMS/issues/490"
"CTMS-95-T03","https://github.com/SEM9-CAPSTONE/CTMS/issues/491"
"CTMS-96-T01","https://github.com/SEM9-CAPSTONE/CTMS/issues/492"
"CTMS-96-T02","https://github.com/SEM9-CAPSTONE/CTMS/issues/493"
"CTMS-96-T03","https://github.com/SEM9-CAPSTONE/CTMS/issues/494"
"CTMS-97-T01","https://github.com/SEM9-CAPSTONE/CTMS/issues/495"
"CTMS-97-T02","https://github.com/SEM9-CAPSTONE/CTMS/issues/496"
"CTMS-97-T03","https://github.com/SEM9-CAPSTONE/CTMS/issues/497"
"CTMS-98-T01","https://github.com/SEM9-CAPSTONE/CTMS/issues/498"
"CTMS-98-T02","https://github.com/SEM9-CAPSTONE/CTMS/issues/499"
"CTMS-98-T03","https://github.com/SEM9-CAPSTONE/CTMS/issues/500"
"CTMS-99-T01","https://github.com/SEM9-CAPSTONE/CTMS/issues/501"
"CTMS-99-T02","https://github.com/SEM9-CAPSTONE/CTMS/issues/502"
"CTMS-99-T03","https://github.com/SEM9-CAPSTONE/CTMS/issues/503"
"CTMS-99-T04","https://github.com/SEM9-CAPSTONE/CTMS/issues/504"
"CTMS-100-T01","https://github.com/SEM9-CAPSTONE/CTMS/issues/505"
"CTMS-100-T02","https://github.com/SEM9-CAPSTONE/CTMS/issues/506"
"CTMS-100-T03","https://github.com/SEM9-CAPSTONE/CTMS/issues/507"
"CTMS-100-T04","https://github.com/SEM9-CAPSTONE/CTMS/issues/508"
"CTMS-101-T01","https://github.com/SEM9-CAPSTONE/CTMS/issues/509"
"CTMS-101-T02","https://github.com/SEM9-CAPSTONE/CTMS/issues/510"
"CTMS-101-T03","https://github.com/SEM9-CAPSTONE/CTMS/issues/511"
"CTMS-101-T04","https://github.com/SEM9-CAPSTONE/CTMS/issues/512"
"CTMS-102-T01","https://github.com/SEM9-CAPSTONE/CTMS/issues/513"
"CTMS-102-T02","https://github.com/SEM9-CAPSTONE/CTMS/issues/514"
"CTMS-102-T03","https://github.com/SEM9-CAPSTONE/CTMS/issues/515"
"CTMS-103-T01","https://github.com/SEM9-CAPSTONE/CTMS/issues/516"
"CTMS-103-T02","https://github.com/SEM9-CAPSTONE/CTMS/issues/517"
"CTMS-103-T03","https://github.com/SEM9-CAPSTONE/CTMS/issues/518"
"CTMS-104-T01","https://github.com/SEM9-CAPSTONE/CTMS/issues/519"
"CTMS-104-T02","https://github.com/SEM9-CAPSTONE/CTMS/issues/520"
"CTMS-104-T03","https://github.com/SEM9-CAPSTONE/CTMS/issues/521"
"CTMS-105-T01","https://github.com/SEM9-CAPSTONE/CTMS/issues/522"
"CTMS-105-T02","https://github.com/SEM9-CAPSTONE/CTMS/issues/523"
"CTMS-105-T03","https://github.com/SEM9-CAPSTONE/CTMS/issues/524"
"CTMS-105-T04","https://github.com/SEM9-CAPSTONE/CTMS/issues/525"
"CTMS-106-T01","https://github.com/SEM9-CAPSTONE/CTMS/issues/526"
"CTMS-106-T02","https://github.com/SEM9-CAPSTONE/CTMS/issues/527"
"CTMS-106-T03","https://github.com/SEM9-CAPSTONE/CTMS/issues/528"
"CTMS-106-T04","https://github.com/SEM9-CAPSTONE/CTMS/issues/529"
"CTMS-107-T01","https://github.com/SEM9-CAPSTONE/CTMS/issues/530"
"CTMS-107-T02","https://github.com/SEM9-CAPSTONE/CTMS/issues/531"
"CTMS-107-T03","https://github.com/SEM9-CAPSTONE/CTMS/issues/532"
"CTMS-107-T04","https://github.com/SEM9-CAPSTONE/CTMS/issues/533"
"CTMS-108-T01","https://github.com/SEM9-CAPSTONE/CTMS/issues/534"
"CTMS-108-T02","https://github.com/SEM9-CAPSTONE/CTMS/issues/535"
"CTMS-108-T03","https://github.com/SEM9-CAPSTONE/CTMS/issues/536"
"CTMS-109-T01","https://github.com/SEM9-CAPSTONE/CTMS/issues/537"
"CTMS-109-T02","https://github.com/SEM9-CAPSTONE/CTMS/issues/538"
"CTMS-109-T03","https://github.com/SEM9-CAPSTONE/CTMS/issues/539"
"CTMS-109-T04","https://github.com/SEM9-CAPSTONE/CTMS/issues/540"
"CTMS-110-T01","https://github.com/SEM9-CAPSTONE/CTMS/issues/541"
"CTMS-110-T02","https://github.com/SEM9-CAPSTONE/CTMS/issues/542"
"CTMS-110-T03","https://github.com/SEM9-CAPSTONE/CTMS/issues/543"
"CTMS-111-T01","https://github.com/SEM9-CAPSTONE/CTMS/issues/544"
"CTMS-111-T02","https://github.com/SEM9-CAPSTONE/CTMS/issues/545"
"CTMS-111-T03","https://github.com/SEM9-CAPSTONE/CTMS/issues/546"
"CTMS-111-T04","https://github.com/SEM9-CAPSTONE/CTMS/issues/547"
"CTMS-112-T01","https://github.com/SEM9-CAPSTONE/CTMS/issues/548"
"CTMS-112-T02","https://github.com/SEM9-CAPSTONE/CTMS/issues/549"
"CTMS-112-T03","https://github.com/SEM9-CAPSTONE/CTMS/issues/550"
"CTMS-113-T01","https://github.com/SEM9-CAPSTONE/CTMS/issues/551"
"CTMS-113-T02","https://github.com/SEM9-CAPSTONE/CTMS/issues/552"
"CTMS-114-T01","https://github.com/SEM9-CAPSTONE/CTMS/issues/553"
"CTMS-114-T02","https://github.com/SEM9-CAPSTONE/CTMS/issues/554"
"CTMS-114-T03","https://github.com/SEM9-CAPSTONE/CTMS/issues/555"
"CTMS-115-T01","https://github.com/SEM9-CAPSTONE/CTMS/issues/556"
"CTMS-115-T02","https://github.com/SEM9-CAPSTONE/CTMS/issues/557"
"CTMS-115-T03","https://github.com/SEM9-CAPSTONE/CTMS/issues/558"
"CTMS-116-T01","https://github.com/SEM9-CAPSTONE/CTMS/issues/559"
"CTMS-116-T02","https://github.com/SEM9-CAPSTONE/CTMS/issues/560"
"CTMS-116-T03","https://github.com/SEM9-CAPSTONE/CTMS/issues/561"
"CTMS-117-T01","https://github.com/SEM9-CAPSTONE/CTMS/issues/562"
"CTMS-117-T02","https://github.com/SEM9-CAPSTONE/CTMS/issues/563"
"CTMS-117-T03","https://github.com/SEM9-CAPSTONE/CTMS/issues/564"
"CTMS-118-T01","https://github.com/SEM9-CAPSTONE/CTMS/issues/565"
"CTMS-118-T02","https://github.com/SEM9-CAPSTONE/CTMS/issues/566"
"CTMS-118-T03","https://github.com/SEM9-CAPSTONE/CTMS/issues/567"
"CTMS-119-T01","https://github.com/SEM9-CAPSTONE/CTMS/issues/568"
"CTMS-119-T02","https://github.com/SEM9-CAPSTONE/CTMS/issues/569"
"CTMS-119-T03","https://github.com/SEM9-CAPSTONE/CTMS/issues/570"
"CTMS-120-T01","https://github.com/SEM9-CAPSTONE/CTMS/issues/571"
"CTMS-120-T02","https://github.com/SEM9-CAPSTONE/CTMS/issues/572"
"CTMS-120-T03","https://github.com/SEM9-CAPSTONE/CTMS/issues/573"
"CTMS-121-T01","https://github.com/SEM9-CAPSTONE/CTMS/issues/574"
"CTMS-121-T02","https://github.com/SEM9-CAPSTONE/CTMS/issues/575"
"CTMS-121-T03","https://github.com/SEM9-CAPSTONE/CTMS/issues/576"
"CTMS-122-T01","https://github.com/SEM9-CAPSTONE/CTMS/issues/577"
"CTMS-122-T02","https://github.com/SEM9-CAPSTONE/CTMS/issues/578"
"CTMS-122-T03","https://github.com/SEM9-CAPSTONE/CTMS/issues/579"
"CTMS-123-T01","https://github.com/SEM9-CAPSTONE/CTMS/issues/580"
"CTMS-123-T02","https://github.com/SEM9-CAPSTONE/CTMS/issues/581"
"CTMS-123-T03","https://github.com/SEM9-CAPSTONE/CTMS/issues/582"
"CTMS-124-T01","https://github.com/SEM9-CAPSTONE/CTMS/issues/583"
"CTMS-124-T02","https://github.com/SEM9-CAPSTONE/CTMS/issues/584"
"CTMS-124-T03","https://github.com/SEM9-CAPSTONE/CTMS/issues/585"
"CTMS-124-T04","https://github.com/SEM9-CAPSTONE/CTMS/issues/586"
"CTMS-125-T01","https://github.com/SEM9-CAPSTONE/CTMS/issues/587"
"CTMS-125-T02","https://github.com/SEM9-CAPSTONE/CTMS/issues/588"
"CTMS-125-T03","https://github.com/SEM9-CAPSTONE/CTMS/issues/589"
"CTMS-126-T01","https://github.com/SEM9-CAPSTONE/CTMS/issues/590"
"CTMS-126-T02","https://github.com/SEM9-CAPSTONE/CTMS/issues/591"
"CTMS-126-T03","https://github.com/SEM9-CAPSTONE/CTMS/issues/592"
"CTMS-126-T04","https://github.com/SEM9-CAPSTONE/CTMS/issues/593"
"CTMS-127-T01","https://github.com/SEM9-CAPSTONE/CTMS/issues/594"
"CTMS-127-T02","https://github.com/SEM9-CAPSTONE/CTMS/issues/595"
"CTMS-127-T03","https://github.com/SEM9-CAPSTONE/CTMS/issues/596"
"CTMS-127-T04","https://github.com/SEM9-CAPSTONE/CTMS/issues/597"
