from_id,link_type,to_id,reason
CTMS-01-T02,blocked by,CTMS-01-T01,Task execution order
CTMS-02,blocked by,CTMS-01,Story dependency
CTMS-02-T02,blocked by,CTMS-02-T01,Task execution order
CTMS-03,blocked by,CTMS-02,Story dependency
CTMS-03-T02,blocked by,CTMS-03-T01,Task execution order
CTMS-04,blocked by,CTMS-03,Story dependency
CTMS-04-T02,blocked by,CTMS-04-T01,Task execution order
CTMS-05,blocked by,CTMS-01,Story dependency
CTMS-05-T02,blocked by,CTMS-05-T01,Task execution order
CTMS-06,blocked by,CTMS-03,Story dependency
CTMS-06-T02,blocked by,CTMS-06-T01,Task execution order
CTMS-07,blocked by,CTMS-03,Story dependency
CTMS-07-T02,blocked by,CTMS-07-T01,Task execution order
CTMS-08,blocked by,CTMS-03,Story dependency
CTMS-08-T02,blocked by,CTMS-08-T01,Task execution order
CTMS-09,blocked by,CTMS-07,Story dependency
CTMS-09-T02,blocked by,CTMS-09-T01,Task execution order
CTMS-10,blocked by,CTMS-06,Story dependency
CTMS-10-T02,blocked by,CTMS-10-T01,Task execution order
CTMS-11,blocked by,CTMS-10,Story dependency
CTMS-11-T02,blocked by,CTMS-11-T01,Task execution order
CTMS-12,blocked by,CTMS-10,Story dependency
CTMS-12-T02,blocked by,CTMS-12-T01,Task execution order
CTMS-13,blocked by,CTMS-10,Story dependency
CTMS-13,blocked by,CTMS-12,Story dependency
CTMS-13-T02,blocked by,CTMS-13-T01,Task execution order
CTMS-14,blocked by,CTMS-12,Story dependency
CTMS-14-T02,blocked by,CTMS-14-T01,Task execution order
CTMS-15,blocked by,CTMS-10,Story dependency
CTMS-15-T02,blocked by,CTMS-15-T01,Task execution order
CTMS-16,blocked by,CTMS-06,Story dependency
CTMS-16,blocked by,CTMS-10,Story dependency
CTMS-16-T02,blocked by,CTMS-16-T01,Task execution order
CTMS-17,blocked by,CTMS-16,Story dependency
CTMS-17-T02,blocked by,CTMS-17-T01,Task execution order
CTMS-18,blocked by,CTMS-17,Story dependency
CTMS-18-T02,blocked by,CTMS-18-T01,Task execution order
CTMS-19,blocked by,CTMS-10,Story dependency
CTMS-19-T02,blocked by,CTMS-19-T01,Task execution order
CTMS-20,blocked by,CTMS-19,Story dependency
CTMS-20-T02,blocked by,CTMS-20-T01,Task execution order
CTMS-21,blocked by,CTMS-19,Story dependency
CTMS-21-T02,blocked by,CTMS-21-T01,Task execution order
CTMS-22,blocked by,CTMS-06,Story dependency
CTMS-22,blocked by,CTMS-19,Story dependency
CTMS-22-T02,blocked by,CTMS-22-T01,Task execution order
CTMS-23,blocked by,CTMS-19,Story dependency
CTMS-23-T02,blocked by,CTMS-23-T01,Task execution order
CTMS-24,blocked by,CTMS-19,Story dependency
CTMS-24,blocked by,CTMS-20,Story dependency
CTMS-24,blocked by,CTMS-23,Story dependency
CTMS-24-T02,blocked by,CTMS-24-T01,Task execution order
CTMS-25,blocked by,CTMS-19,Story dependency
CTMS-25-T02,blocked by,CTMS-25-T01,Task execution order
CTMS-26,blocked by,CTMS-25,Story dependency
CTMS-26-T02,blocked by,CTMS-26-T01,Task execution order
CTMS-27,blocked by,CTMS-26,Story dependency
CTMS-27-T02,blocked by,CTMS-27-T01,Task execution order
CTMS-28,blocked by,CTMS-26,Story dependency
CTMS-28-T02,blocked by,CTMS-28-T01,Task execution order
CTMS-29,blocked by,CTMS-26,Story dependency
CTMS-29-T02,blocked by,CTMS-29-T01,Task execution order
CTMS-30,blocked by,CTMS-06,Story dependency
CTMS-30,blocked by,CTMS-25,Story dependency
CTMS-30-T02,blocked by,CTMS-30-T01,Task execution order
CTMS-31,blocked by,CTMS-12,Story dependency
CTMS-31,blocked by,CTMS-13,Story dependency
CTMS-31,blocked by,CTMS-14,Story dependency
CTMS-31-T02,blocked by,CTMS-31-T01,Task execution order
CTMS-32,blocked by,CTMS-19,Story dependency
CTMS-32-T02,blocked by,CTMS-32-T01,Task execution order
CTMS-33,blocked by,CTMS-31,Story dependency
CTMS-33,blocked by,CTMS-32,Story dependency
CTMS-33-T02,blocked by,CTMS-33-T01,Task execution order
CTMS-34,blocked by,CTMS-06,Story dependency
CTMS-34,blocked by,CTMS-32,Story dependency
CTMS-34,blocked by,CTMS-33,Story dependency
CTMS-34-T02,blocked by,CTMS-34-T01,Task execution order
CTMS-35,blocked by,CTMS-32,Story dependency
CTMS-35,blocked by,CTMS-33,Story dependency
CTMS-35-T02,blocked by,CTMS-35-T01,Task execution order
CTMS-36,blocked by,CTMS-34,Story dependency
CTMS-36,blocked by,CTMS-24,Story dependency
CTMS-36-T02,blocked by,CTMS-36-T01,Task execution order
CTMS-37,blocked by,CTMS-36,Story dependency
CTMS-37,blocked by,CTMS-26,Story dependency
CTMS-37-T02,blocked by,CTMS-37-T01,Task execution order
CTMS-38,blocked by,CTMS-32,Story dependency
CTMS-38,blocked by,CTMS-33,Story dependency
CTMS-38-T02,blocked by,CTMS-38-T01,Task execution order
CTMS-39,blocked by,CTMS-32,Story dependency
CTMS-39-T02,blocked by,CTMS-39-T01,Task execution order
CTMS-40,blocked by,CTMS-34,Story dependency
CTMS-40,blocked by,CTMS-35,Story dependency
CTMS-40,blocked by,CTMS-28,Story dependency
CTMS-40-T02,blocked by,CTMS-40-T01,Task execution order
CTMS-41,blocked by,CTMS-40,Story dependency
CTMS-41-T02,blocked by,CTMS-41-T01,Task execution order
CTMS-42,blocked by,CTMS-40,Story dependency
CTMS-42-T02,blocked by,CTMS-42-T01,Task execution order
CTMS-43,blocked by,CTMS-40,Story dependency
CTMS-43-T02,blocked by,CTMS-43-T01,Task execution order
CTMS-44,blocked by,CTMS-40,Story dependency
CTMS-44,blocked by,CTMS-43,Story dependency
CTMS-44-T02,blocked by,CTMS-44-T01,Task execution order
CTMS-45,blocked by,CTMS-40,Story dependency
CTMS-45-T02,blocked by,CTMS-45-T01,Task execution order
CTMS-46,blocked by,CTMS-45,Story dependency
CTMS-46,blocked by,CTMS-43,Story dependency
CTMS-46-T02,blocked by,CTMS-46-T01,Task execution order
CTMS-47,blocked by,CTMS-34,Story dependency
CTMS-47,blocked by,CTMS-43,Story dependency
CTMS-47,blocked by,CTMS-46,Story dependency
CTMS-47-T02,blocked by,CTMS-47-T01,Task execution order
CTMS-48,blocked by,CTMS-41,Story dependency
CTMS-48,blocked by,CTMS-42,Story dependency
CTMS-48-T02,blocked by,CTMS-48-T01,Task execution order
CTMS-49,blocked by,CTMS-48,Story dependency
CTMS-49-T02,blocked by,CTMS-49-T01,Task execution order
CTMS-50,blocked by,CTMS-48,Story dependency
CTMS-50-T02,blocked by,CTMS-50-T01,Task execution order
CTMS-51,blocked by,CTMS-40,Story dependency
CTMS-51-T02,blocked by,CTMS-51-T01,Task execution order
CTMS-52,blocked by,CTMS-06,Story dependency
CTMS-52,blocked by,CTMS-10,Story dependency
CTMS-52-T02,blocked by,CTMS-52-T01,Task execution order
CTMS-53,blocked by,CTMS-52,Story dependency
CTMS-53,blocked by,CTMS-40,Story dependency
CTMS-53-T02,blocked by,CTMS-53-T01,Task execution order
CTMS-54,blocked by,CTMS-53,Story dependency
CTMS-54,blocked by,CTMS-48,Story dependency
CTMS-54-T02,blocked by,CTMS-54-T01,Task execution order
CTMS-55,blocked by,CTMS-54,Story dependency
CTMS-55-T02,blocked by,CTMS-55-T01,Task execution order
CTMS-56,blocked by,CTMS-40,Story dependency
CTMS-56,blocked by,CTMS-19,Story dependency
CTMS-56,blocked by,CTMS-26,Story dependency
CTMS-56-T02,blocked by,CTMS-56-T01,Task execution order
CTMS-57,blocked by,CTMS-06,Story dependency
CTMS-57-T02,blocked by,CTMS-57-T01,Task execution order
CTMS-58,blocked by,CTMS-57,Story dependency
CTMS-58-T02,blocked by,CTMS-58-T01,Task execution order
CTMS-59,blocked by,CTMS-06,Story dependency
CTMS-59,blocked by,CTMS-10,Story dependency
CTMS-59,blocked by,CTMS-57,Story dependency
CTMS-59-T02,blocked by,CTMS-59-T01,Task execution order
CTMS-60,blocked by,CTMS-59,Story dependency
CTMS-60-T02,blocked by,CTMS-60-T01,Task execution order
CTMS-61,blocked by,CTMS-22,Story dependency
CTMS-61,blocked by,CTMS-60,Story dependency
CTMS-61-T02,blocked by,CTMS-61-T01,Task execution order
CTMS-62,blocked by,CTMS-32,Story dependency
CTMS-62,blocked by,CTMS-58,Story dependency
CTMS-62,blocked by,CTMS-61,Story dependency
CTMS-62-T02,blocked by,CTMS-62-T01,Task execution order
CTMS-63,blocked by,CTMS-62,Story dependency
CTMS-63-T02,blocked by,CTMS-63-T01,Task execution order
CTMS-64,blocked by,CTMS-63,Story dependency
CTMS-64-T02,blocked by,CTMS-64-T01,Task execution order
CTMS-65,blocked by,CTMS-06,Story dependency
CTMS-65-T02,blocked by,CTMS-65-T01,Task execution order
CTMS-65-T03,blocked by,CTMS-65-T01,Task execution order
CTMS-65-T04,blocked by,CTMS-65-T01,Task execution order
CTMS-66,blocked by,CTMS-65,Story dependency
CTMS-66-T02,blocked by,CTMS-66-T01,Task execution order
CTMS-66-T03,blocked by,CTMS-66-T01,Task execution order
CTMS-67,blocked by,CTMS-20,Story dependency
CTMS-67,blocked by,CTMS-23,Story dependency
CTMS-67,blocked by,CTMS-26,Story dependency
CTMS-67,blocked by,CTMS-34,Story dependency
CTMS-67,blocked by,CTMS-41,Story dependency
CTMS-67,blocked by,CTMS-43,Story dependency
CTMS-67,blocked by,CTMS-56,Story dependency
CTMS-67,blocked by,CTMS-62,Story dependency
CTMS-67,blocked by,CTMS-66,Story dependency
CTMS-67-T02,blocked by,CTMS-67-T01,Task execution order
CTMS-67-T03,blocked by,CTMS-67-T01,Task execution order
CTMS-67-T04,blocked by,CTMS-67-T01,Task execution order
CTMS-MVP-67A,blocked by,CTMS-20,Story dependency
CTMS-MVP-67A,blocked by,CTMS-23,Story dependency
CTMS-MVP-67A,blocked by,CTMS-26,Story dependency
CTMS-MVP-67A,blocked by,CTMS-34,Story dependency
CTMS-MVP-67A,blocked by,CTMS-41,Story dependency
CTMS-MVP-67A-T02,blocked by,CTMS-MVP-67A-T01,Task execution order
CTMS-MVP-67A-T03,blocked by,CTMS-MVP-67A-T01,Task execution order
CTMS-MVP-67A-T04,blocked by,CTMS-MVP-67A-T01,Task execution order
CTMS-68,blocked by,CTMS-67,Story dependency
CTMS-68-T02,blocked by,CTMS-68-T01,Task execution order
CTMS-68-T03,blocked by,CTMS-68-T01,Task execution order
CTMS-68-T04,blocked by,CTMS-68-T01,Task execution order
CTMS-69,blocked by,CTMS-68,Story dependency
CTMS-69-T02,blocked by,CTMS-69-T01,Task execution order
CTMS-69-T03,blocked by,CTMS-69-T01,Task execution order
CTMS-70,blocked by,CTMS-68,Story dependency
CTMS-70,blocked by,CTMS-69,Story dependency
CTMS-70-T02,blocked by,CTMS-70-T01,Task execution order
CTMS-70-T03,blocked by,CTMS-70-T01,Task execution order
CTMS-70-T04,blocked by,CTMS-70-T01,Task execution order
CTMS-71,blocked by,CTMS-20,Story dependency
CTMS-71,blocked by,CTMS-63,Story dependency
CTMS-71,blocked by,CTMS-70,Story dependency
CTMS-71-T02,blocked by,CTMS-71-T01,Task execution order
CTMS-71-T03,blocked by,CTMS-71-T01,Task execution order
CTMS-71-T04,blocked by,CTMS-71-T01,Task execution order
CTMS-72,blocked by,CTMS-68,Story dependency
CTMS-72-T02,blocked by,CTMS-72-T01,Task execution order
CTMS-73,blocked by,CTMS-70,Story dependency
CTMS-73-T02,blocked by,CTMS-73-T01,Task execution order
CTMS-73-T03,blocked by,CTMS-73-T01,Task execution order
CTMS-73-T04,blocked by,CTMS-73-T01,Task execution order
CTMS-74,blocked by,CTMS-73,Story dependency
CTMS-74-T02,blocked by,CTMS-74-T01,Task execution order
CTMS-74-T03,blocked by,CTMS-74-T01,Task execution order
CTMS-75,blocked by,CTMS-73,Story dependency
CTMS-75,blocked by,CTMS-74,Story dependency
CTMS-75-T02,blocked by,CTMS-75-T01,Task execution order
CTMS-75-T03,blocked by,CTMS-75-T01,Task execution order
CTMS-75-T04,blocked by,CTMS-75-T01,Task execution order
CTMS-76,blocked by,CTMS-20,Story dependency
CTMS-76,blocked by,CTMS-74,Story dependency
CTMS-76-T02,blocked by,CTMS-76-T01,Task execution order
CTMS-76-T03,blocked by,CTMS-76-T01,Task execution order
CTMS-77,blocked by,CTMS-75,Story dependency
CTMS-77-T02,blocked by,CTMS-77-T01,Task execution order
CTMS-77-T03,blocked by,CTMS-77-T01,Task execution order
CTMS-78,blocked by,CTMS-74,Story dependency
CTMS-78-T02,blocked by,CTMS-78-T01,Task execution order
CTMS-78-T03,blocked by,CTMS-78-T01,Task execution order
CTMS-79,blocked by,CTMS-76,Story dependency
CTMS-79-T02,blocked by,CTMS-79-T01,Task execution order
CTMS-79-T03,blocked by,CTMS-79-T01,Task execution order
CTMS-80,blocked by,CTMS-74,Story dependency
CTMS-80-T02,blocked by,CTMS-80-T01,Task execution order
CTMS-80-T03,blocked by,CTMS-80-T01,Task execution order
CTMS-81,blocked by,CTMS-80,Story dependency
CTMS-81-T02,blocked by,CTMS-81-T01,Task execution order
CTMS-81-T03,blocked by,CTMS-81-T01,Task execution order
CTMS-82,blocked by,CTMS-81,Story dependency
CTMS-82-T02,blocked by,CTMS-82-T01,Task execution order
CTMS-82-T03,blocked by,CTMS-82-T01,Task execution order
CTMS-83,blocked by,CTMS-81,Story dependency
CTMS-83-T02,blocked by,CTMS-83-T01,Task execution order
CTMS-83-T03,blocked by,CTMS-83-T01,Task execution order
CTMS-84,blocked by,CTMS-81,Story dependency
CTMS-84-T02,blocked by,CTMS-84-T01,Task execution order
CTMS-84-T03,blocked by,CTMS-84-T01,Task execution order
CTMS-84-T04,blocked by,CTMS-84-T01,Task execution order
CTMS-85,blocked by,CTMS-81,Story dependency
CTMS-85-T02,blocked by,CTMS-85-T01,Task execution order
CTMS-85-T03,blocked by,CTMS-85-T01,Task execution order
CTMS-86,blocked by,CTMS-80,Story dependency
CTMS-86,blocked by,CTMS-82,Story dependency
CTMS-86,blocked by,CTMS-60,Story dependency
CTMS-86-T02,blocked by,CTMS-86-T01,Task execution order
CTMS-86-T03,blocked by,CTMS-86-T01,Task execution order
CTMS-86-T04,blocked by,CTMS-86-T01,Task execution order
CTMS-87,blocked by,CTMS-66,Story dependency
CTMS-87-T02,blocked by,CTMS-87-T01,Task execution order
CTMS-87-T03,blocked by,CTMS-87-T01,Task execution order
CTMS-88,blocked by,CTMS-87,Story dependency
CTMS-88-T02,blocked by,CTMS-88-T01,Task execution order
CTMS-88-T03,blocked by,CTMS-88-T01,Task execution order
CTMS-88-T04,blocked by,CTMS-88-T01,Task execution order
CTMS-89,blocked by,CTMS-70,Story dependency
CTMS-89,blocked by,CTMS-66,Story dependency
CTMS-89-T02,blocked by,CTMS-89-T01,Task execution order
CTMS-89-T03,blocked by,CTMS-89-T01,Task execution order
CTMS-89-T04,blocked by,CTMS-89-T01,Task execution order
CTMS-90,blocked by,CTMS-88,Story dependency
CTMS-90,blocked by,CTMS-87,Story dependency
CTMS-90-T02,blocked by,CTMS-90-T01,Task execution order
CTMS-90-T03,blocked by,CTMS-90-T01,Task execution order
CTMS-91,blocked by,CTMS-88,Story dependency
CTMS-91-T02,blocked by,CTMS-91-T01,Task execution order
CTMS-91-T03,blocked by,CTMS-91-T01,Task execution order
CTMS-92,blocked by,CTMS-06,Story dependency
CTMS-92,blocked by,CTMS-91,Story dependency
CTMS-92-T02,blocked by,CTMS-92-T01,Task execution order
CTMS-92-T03,blocked by,CTMS-92-T01,Task execution order
CTMS-93,blocked by,CTMS-74,Story dependency
CTMS-93-T02,blocked by,CTMS-93-T01,Task execution order
CTMS-93-T03,blocked by,CTMS-93-T01,Task execution order
CTMS-93-T04,blocked by,CTMS-93-T01,Task execution order
CTMS-94,blocked by,CTMS-88,Story dependency
CTMS-94,blocked by,CTMS-93,Story dependency
CTMS-94-T02,blocked by,CTMS-94-T01,Task execution order
CTMS-94-T03,blocked by,CTMS-94-T01,Task execution order
CTMS-95,blocked by,CTMS-93,Story dependency
CTMS-95,blocked by,CTMS-80,Story dependency
CTMS-95-T02,blocked by,CTMS-95-T01,Task execution order
CTMS-95-T03,blocked by,CTMS-95-T01,Task execution order
CTMS-96,blocked by,CTMS-81,Story dependency
CTMS-96,blocked by,CTMS-95,Story dependency
CTMS-96-T02,blocked by,CTMS-96-T01,Task execution order
CTMS-96-T03,blocked by,CTMS-96-T01,Task execution order
CTMS-97,blocked by,CTMS-93,Story dependency
CTMS-97-T02,blocked by,CTMS-97-T01,Task execution order
CTMS-97-T03,blocked by,CTMS-97-T01,Task execution order
CTMS-98,blocked by,CTMS-03,Story dependency
CTMS-98-T02,blocked by,CTMS-98-T01,Task execution order
CTMS-98-T03,blocked by,CTMS-98-T01,Task execution order
CTMS-99,blocked by,CTMS-93,Story dependency
CTMS-99,blocked by,CTMS-98,Story dependency
CTMS-99-T02,blocked by,CTMS-99-T01,Task execution order
CTMS-99-T03,blocked by,CTMS-99-T01,Task execution order
CTMS-99-T04,blocked by,CTMS-99-T01,Task execution order
CTMS-100,blocked by,CTMS-99,Story dependency
CTMS-100-T02,blocked by,CTMS-100-T01,Task execution order
CTMS-100-T03,blocked by,CTMS-100-T01,Task execution order
CTMS-100-T04,blocked by,CTMS-100-T01,Task execution order
CTMS-101,blocked by,CTMS-98,Story dependency
CTMS-101-T02,blocked by,CTMS-101-T01,Task execution order
CTMS-101-T03,blocked by,CTMS-101-T01,Task execution order
CTMS-101-T04,blocked by,CTMS-101-T01,Task execution order
CTMS-102,blocked by,CTMS-98,Story dependency
CTMS-102-T02,blocked by,CTMS-102-T01,Task execution order
CTMS-102-T03,blocked by,CTMS-102-T01,Task execution order
CTMS-103,blocked by,CTMS-40,Story dependency
CTMS-103,blocked by,CTMS-35,Story dependency
CTMS-103,blocked by,CTMS-98,Story dependency
CTMS-103-T02,blocked by,CTMS-103-T01,Task execution order
CTMS-103-T03,blocked by,CTMS-103-T01,Task execution order
CTMS-104,blocked by,CTMS-98,Story dependency
CTMS-104-T02,blocked by,CTMS-104-T01,Task execution order
CTMS-104-T03,blocked by,CTMS-104-T01,Task execution order
CTMS-105,blocked by,CTMS-19,Story dependency
CTMS-105,blocked by,CTMS-20,Story dependency
CTMS-105,blocked by,CTMS-84,Story dependency
CTMS-105-T02,blocked by,CTMS-105-T01,Task execution order
CTMS-105-T03,blocked by,CTMS-105-T01,Task execution order
CTMS-105-T04,blocked by,CTMS-105-T01,Task execution order
CTMS-106,blocked by,CTMS-105,Story dependency
CTMS-106-T02,blocked by,CTMS-106-T01,Task execution order
CTMS-106-T03,blocked by,CTMS-106-T01,Task execution order
CTMS-106-T04,blocked by,CTMS-106-T01,Task execution order
CTMS-107,blocked by,CTMS-75,Story dependency
CTMS-107,blocked by,CTMS-79,Story dependency
CTMS-107,blocked by,CTMS-105,Story dependency
CTMS-107-T02,blocked by,CTMS-107-T01,Task execution order
CTMS-107-T03,blocked by,CTMS-107-T01,Task execution order
CTMS-107-T04,blocked by,CTMS-107-T01,Task execution order
CTMS-108,blocked by,CTMS-64,Story dependency
CTMS-108,blocked by,CTMS-93,Story dependency
CTMS-108-T02,blocked by,CTMS-108-T01,Task execution order
CTMS-108-T03,blocked by,CTMS-108-T01,Task execution order
CTMS-109,blocked by,CTMS-42,Story dependency
CTMS-109,blocked by,CTMS-62,Story dependency
CTMS-109,blocked by,CTMS-26,Story dependency
CTMS-109,blocked by,CTMS-93,Story dependency
CTMS-109,blocked by,CTMS-105,Story dependency
CTMS-109-T02,blocked by,CTMS-109-T01,Task execution order
CTMS-109-T03,blocked by,CTMS-109-T01,Task execution order
CTMS-109-T04,blocked by,CTMS-109-T01,Task execution order
CTMS-110,blocked by,CTMS-03,Story dependency
CTMS-110-T02,blocked by,CTMS-110-T01,Task execution order
CTMS-110-T03,blocked by,CTMS-110-T01,Task execution order
CTMS-111,blocked by,CTMS-101,Story dependency
CTMS-111,blocked by,CTMS-110,Story dependency
CTMS-111-T02,blocked by,CTMS-111-T01,Task execution order
CTMS-111-T03,blocked by,CTMS-111-T01,Task execution order
CTMS-111-T04,blocked by,CTMS-111-T01,Task execution order
CTMS-112,blocked by,CTMS-110,Story dependency
CTMS-112-T02,blocked by,CTMS-112-T01,Task execution order
CTMS-112-T03,blocked by,CTMS-112-T01,Task execution order
CTMS-113,blocked by,CTMS-110,Story dependency
CTMS-113-T02,blocked by,CTMS-113-T01,Task execution order
CTMS-114,blocked by,CTMS-49,Story dependency
CTMS-114-T02,blocked by,CTMS-114-T01,Task execution order
CTMS-114-T03,blocked by,CTMS-114-T01,Task execution order
CTMS-115,blocked by,CTMS-62,Story dependency
CTMS-115,blocked by,CTMS-49,Story dependency
CTMS-115-T02,blocked by,CTMS-115-T01,Task execution order
CTMS-115-T03,blocked by,CTMS-115-T01,Task execution order
CTMS-116,blocked by,CTMS-03,Story dependency
CTMS-116-T02,blocked by,CTMS-116-T01,Task execution order
CTMS-116-T03,blocked by,CTMS-116-T01,Task execution order
CTMS-117,blocked by,CTMS-33,Story dependency
CTMS-117,blocked by,CTMS-35,Story dependency
CTMS-117-T02,blocked by,CTMS-117-T01,Task execution order
CTMS-117-T03,blocked by,CTMS-117-T01,Task execution order
CTMS-118,blocked by,CTMS-75,Story dependency
CTMS-118-T02,blocked by,CTMS-118-T01,Task execution order
CTMS-118-T03,blocked by,CTMS-118-T01,Task execution order
CTMS-119,blocked by,CTMS-81,Story dependency
CTMS-119-T02,blocked by,CTMS-119-T01,Task execution order
CTMS-119-T03,blocked by,CTMS-119-T01,Task execution order
CTMS-120,blocked by,CTMS-88,Story dependency
CTMS-120,blocked by,CTMS-87,Story dependency
CTMS-120,blocked by,CTMS-89,Story dependency
CTMS-120-T02,blocked by,CTMS-120-T01,Task execution order
CTMS-120-T03,blocked by,CTMS-120-T01,Task execution order
CTMS-121,blocked by,CTMS-26,Story dependency
CTMS-121-T02,blocked by,CTMS-121-T01,Task execution order
CTMS-121-T03,blocked by,CTMS-121-T01,Task execution order
CTMS-122,blocked by,CTMS-104,Story dependency
CTMS-122-T02,blocked by,CTMS-122-T01,Task execution order
CTMS-122-T03,blocked by,CTMS-122-T01,Task execution order
CTMS-123,blocked by,CTMS-33,Story dependency
CTMS-123,blocked by,CTMS-40,Story dependency
CTMS-123,blocked by,CTMS-45,Story dependency
CTMS-123,blocked by,CTMS-49,Story dependency
CTMS-123-T02,blocked by,CTMS-123-T01,Task execution order
CTMS-124,blocked by,CTMS-06,Story dependency
CTMS-124-T02,blocked by,CTMS-124-T01,Task execution order
CTMS-125,blocked by,CTMS-06,Story dependency
CTMS-125-T02,blocked by,CTMS-125-T01,Task execution order
CTMS-126,blocked by,CTMS-125,Story dependency
CTMS-126-T02,blocked by,CTMS-126-T01,Task execution order
CTMS-127,blocked by,CTMS-06,Story dependency
CTMS-127,blocked by,CTMS-116,Story dependency
CTMS-127-T02,blocked by,CTMS-127-T01,Task execution order
CTMS-127-T03,blocked by,CTMS-127-T01,Task execution order
CTMS-127-T04,blocked by,CTMS-127-T01,Task execution order
